"ID","post_title","post_name"
"10","Contact Us","contact-us"
"8631","About Bliniq","about-us"
"8933","Video Gallery","gallery"
"8759","Appointment","appointment"
"3200","Home Classic","http-bliniq-in-about-us"
"12243","Neck","neck"
"12245","Upper Arms","upper-arms"
"12249","Flank/Love Handles","flank-love-handles"
"12253","Thighs","thighs"
"12255","Knees","knees"
"12257","Calves","calves"
"12259","Breast","breast"
"12261","Face Lift","face-lift"
"12272","Double Eyelid Surgery","double-eyelid-surgery"
"12274","Eye Bags Removal Surgery","eye-bags-removal-surgery"
"12277","Nose (Cosmetic Rhinoplasty)","nose-cosmetic-rhinoplasty"
"12279","Buccal Fat Pad Removal","buccal-fat-pad-removal"
"12282","Dimple Creation Surgery","dimple-creation-surgery"
"12284","Lip Reduction","lip-reduction"
"12286","Upper Lip Lift","upper-lip-lift"
"12288","Chin Implant","chin-implant"
"12290","Genioplasty","genioplasty"
"12292","Gynecomastia Surgery in Delhi","gynecomastia-surgery-in-delhi"
"12294","Puffy Nipple Surgery","puffy-nipple-surgery"
"12296","Pectoral Implants","pectoral-implants"
"12298","Saggy Arms Surgery","saggy-arms-surgery"
"12300","Six Pack Abs Creation","six-pack-abs-creation"
"12302","Tummy Tuck","tummy-tuck"
"12304","Penile Lengthening","penile-lengthening"
"12306","Fat Injection","fat-injection"
"12308","Circumcision","circumcision"
"12313","Face Lift","face-lift-2"
"12315","Double Eyelid Surgery","double-eyelid-surgery-2"
"12317","Eye Bags Removal Surgery","eye-bags-removal-surgery-2"
"12320","Eye Bags Removal Surgery","eye-bags-removal-surgery-3"
"12322","Buccal Fat Pad Removal","buccal-fat-pad-removal-2"
"12324","Dimple Creation Surgery","dimple-creation-surgery-2"
"12329","Lip Reduction","lip-reduction-2"
"12331","Upper Lip Lift","upper-lip-lift-2"
"12333","Chin Implant","chin-implant-2"
"12336","Genioplasty","genioplasty-2"
"12338","Fat Injection","fat-injection-2"
"12344","Breast implant","breast-implant-3"
"12346","Saggy Arms Surgery","saggy-arms-surgery-2"
"12348","Tummy Tuck","tummy-tuck-2"
"12355","Hymenoplasty","hymenoplasty"
"12357","Vaginal Tightening","vaginal-tightening"
"12359","Labia Minora Reduction","labia-minora-reduction"
"12361","Fat Injection","fat-injection-3"
"12363","Mons Reduction","mons-reduction"
"12367","Head","head"
"12369","Beard","beard"
"12371","Moustache","moustache"
"12376","Eyebrow","eyebrow"
"12378","PRP Therapy","prp-therapy"
"12380","Mesotherapy","mesotherapy"
"12382","White Hair Removal","white-hair-removal"
"12385","Male to Female","male-to-female"
"12387","Female to Male","female-to-male"
"12389","Scarless Lipoma Removal","scarless-lipoma-removal"
"12394","Botox And Fillers","botox-and-fillers"
"12396","Chemical Peels","chemical-peels"
"12398","Laser Hair Removal","laser-hair-removal"
"12401","Scar Remodeling","scar-remodeling"
"12403","Mole Removal","mole-removal"
"12405","Skin Tag Removal","skin-tag-removal"
"12416","Blog","blog-2"
"12579","Nose (Cosmetic Rhinoplasty)","nose-cosmetic-rhinoplasty-2"
"12592","Breast Reduction","breast-reduction"
"12595","Breast Lift","breast-lift"
"12958","test","test"
"14151","No Deposit Bonuses Could Help You Earn Real Money","no-deposit-bonuses-could-help-you-earn-real-money"
"14153","Free Casino Slots","free-casino-slots"
"14167","Gynecomastia Treatment in Delhi","gynecomastia-treatment-in-delhi"
"14201","Online Slot Machine Game Guides","online-slot-machine-game-guides"
"14259","How to Find the Best Slot Machine Online","how-to-find-the-best-slot-machine-online"
"14308","Free Slot Machines - How You Can Enjoy the Game Without Spending a dime! </p>","free-slot-machines-how-you-can-enjoy-the-game-without-spending-a-dime"
"14309","How to Play a Hearts Card Game Online","how-to-play-a-hearts-card-game-online"
"14316","How to Play Free Casino Slots Online","how-to-play-free-casino-slots-online"
"14326","Play Free Online Casino Games","play-free-online-casino-games"
"14339","Receive Free Spins on Video Slots Machines","receive-free-spins-on-video-slots-machines"
"14382","Free Casino Games Online - Enjoy Playing Them and Earn Cash","free-casino-games-online-enjoy-playing-them-and-earn-cash"
"14383","Play the Bierhaus Slot Machine Online Free","play-the-bierhaus-slot-machine-online-free"
"14427","Playing Slot Machine Online","playing-slot-machine-online"
"14458","Increase the Chance of winning by playing Slot Machine Games","increase-the-chance-of-winning-by-playing-slot-machine-games"
"14466","Term Paper Writers Needed to Be:","term-paper-writers-needed-to-be"
"14481","Enjoy playing free slots online","enjoy-playing-free-slots-online"
"14504","Here's the essential information you need to be aware of when playing online slots","heres-the-essential-information-you-need-to-be-aware-of-when-playing-online-slots"
"14505","Play Money In Online Slots Reviews","play-money-in-online-slots-reviews"
"14825","Best Liposuction Surgery in Delhi","liposuction-surgery-in-delhi"
"14849","Sex change surgery","sex-change-surgery"
"14971","Picture Gallery","picture-gallery"
"15371","Skin Tag Removal Cost","skin-tag-removal-cost"
"15376","Lipoma Removal Cost","lipoma-removal-cost"
"15392","BBL surgery cost India","bbl-surgery-cost-india"
"15391","Buccal Fat Removal Delhi","buccal-fat-removal-delhi"
"15390","Mommy Makeover Surgery Delhi / Cost","mommy-makeover-surgery-delhi-cost"
"15389","VASER Liposuction Delhi","vaser-liposuction-delhi"
"15388","Dimple Creation Surgery Delhi","dimple-creation-surgery-delhi"
"15387","Arm Lift Surgery India / Brachioplasty Cost India","arm-lift-surgery-india-brachioplasty-cost-india"
"15386","Otoplasty Surgery Delhi","otoplasty-surgery-delhi"
"15385","Thigh Lift Surgery Delhi","thigh-lift-surgery-delhi"
"15384","FFS surgery India (facial feminization)","ffs-surgery-india-facial-feminization"
"15452","Scar Removal Surgery Delhi","scar-removal-surgery-delhi"
"15451","Mole removal Delhi","mole-removal-delhi"
"15450","Neck liposuction Delhi","neck-liposuction-delhi"
"15449","Inverted Nipple Surgery Delhi","inverted-nipple-surgery-delhi"
"15473","Buffalo hump removal surgery","buffalo-hump-removal-surgery"
"15448","Hymenoplasty Delhi","hymenoplasty-delhi"
"15447","Post Bariatric Surgery Delhi","post-bariatric-surgery-delhi"
"15493","Labiaplasty Surgery Delhi","labiaplasty-surgery-delhi"
"15492","Back liposuction cost India","back-liposuction-cost-india"
"15491","Best Plastic Surgeon in Delhi","best-plastic-surgeon-in-delhi"
"15490","Cosmetic surgery clinic Delhi","cosmetic-surgery-clinic-delhi"
"15446","Rhinoplasty Surgeon Delhi","rhinoplasty-surgeon-delhi"
"15521","Breast Reduction Surgery Delhi","breast-reduction-surgery-delhi"
"15445","VASER lipo cost India","vaser-lipo-cost-india"
