"post_title","post_name","post_date"
"How Much Does it Cost for Laser Hair Removal","how-much-does-it-cost-for-laser-hair-removal","2026-03-10 17:25:19"
"How to Remove Skin Tags in One Night","how-to-remove-skin-tags-in-one-night","2026-04-10 12:08:26"
"How Much Does Full Body Laser Hair Removal Cost","how-much-does-full-body-laser-hair-removal-cost","2026-04-10 12:11:02"
"what is hair transplant","what-is-hair-transplant","2026-04-10 12:25:41"
"How to Remove Eye Bags Permanently","how-to-remove-eye-bags-permanently","2026-04-10 12:31:41"
"What is Tummy Tuck Surgery","what-is-tummy-tuck-surgery","2026-04-11 06:43:34"
"How is Sex Change Surgery Done","how-is-sex-change-surgery-done","2026-04-11 06:49:45"
"How to Remove Moles from Face","how-to-remove-moles-from-face","2026-04-11 07:44:24"
"Is Chemical Peel Good for Skin​","is-chemical-peel-good-for-skin","2026-04-11 07:51:59"
"How to Remove White Hair Permanently","how-to-remove-white-hair-permanently","2026-04-11 07:56:46"
"What is Mesotherapy for Face","what-is-mesotherapy-for-face","2026-04-11 08:01:54"
"What is PRP Therapy for Hair","what-is-prp-therapy-for-hair","2026-04-11 08:11:20"
"How Much Does Laser Hair Removal Cost","how-much-does-laser-hair-removal-cost","2026-04-11 09:37:24"
