"post_id","meta_key","meta_value"
"3200","_yoast_wpseo_focuskw","Home"
"14167","_yoast_wpseo_focuskw","gynecomastia treatment in Delhi"
"12292","_yoast_wpseo_focuskw","gynecomastia surgery in Delhi"
"14825","_yoast_wpseo_focuskw","liposuction surgery in Delhi"
"15279","_yoast_wpseo_focuskw","How Much Does Full Body Laser Hair Removal Cost"
"15278","_yoast_wpseo_focuskw","how to remove skin tags in one night"
"15277","_yoast_wpseo_focuskw","what is hair transplant"
"15295","_yoast_wpseo_focuskw","how to remove eye bags permanently"
"15308","_yoast_wpseo_focuskw","what is prp therapy for hair"
"15309","_yoast_wpseo_focuskw","what is mesotherapy for face"
"15310","_yoast_wpseo_focuskw","How to Remove White Hair Permanently"
"15311","_yoast_wpseo_focuskw","is chemical peel good for skin​"
"15312","_yoast_wpseo_focuskw","how to remove moles from face"
"15313","_yoast_wpseo_focuskw","how is sex change surgery done"
"15314","_yoast_wpseo_focuskw","what is tummy tuck surgery"
"15359","_yoast_wpseo_focuskw","How Much Does Laser Hair Removal Cost"
"15371","_yoast_wpseo_focuskw","skin tag removal cost"
"15376","_yoast_wpseo_focuskw","Lipoma Removal Cost"
"15384","_yoast_wpseo_focuskw","FFS surgery India (facial feminization)"
"15385","_yoast_wpseo_focuskw","Thigh Lift Surgery Delhi"
"15386","_yoast_wpseo_focuskw","Otoplasty Surgery Delhi"
"15387","_yoast_wpseo_focuskw","Arm Lift Surgery India / Brachioplasty Cost India"
"15388","_yoast_wpseo_focuskw","Dimple Creation Surgery Delhi"
"15389","_yoast_wpseo_focuskw","VASER liposuction Delhi"
"15390","_yoast_wpseo_focuskw","Mommy Makeover Surgery Delhi / Cost"
"15391","_yoast_wpseo_focuskw","Buccal Fat Removal Delhi"
"15392","_yoast_wpseo_focuskw","BBL surgery cost India"
"15445","_yoast_wpseo_focuskw","VASER lipo cost India"
"15446","_yoast_wpseo_focuskw","Rhinoplasty surgeon Delhi"
"15447","_yoast_wpseo_focuskw","Post bariatric surgery Delhi"
"15448","_yoast_wpseo_focuskw","Hymenoplasty Delhi"
"15449","_yoast_wpseo_focuskw","Inverted nipple surgery Delhi"
"15450","_yoast_wpseo_focuskw","Neck liposuction Delhi"
"15451","_yoast_wpseo_focuskw","Mole removal Delhi"
"15452","_yoast_wpseo_focuskw","Scar Removal Surgery Delhi"
"15473","_yoast_wpseo_focuskw","Buffalo hump removal surgery"
"15490","_yoast_wpseo_focuskw","Cosmetic surgery clinic Delhi"
"15491","_yoast_wpseo_focuskw","Best Plastic Surgeon in Delhi"
"15492","_yoast_wpseo_focuskw","Back liposuction cost India"
"15493","_yoast_wpseo_focuskw","Labiaplasty surgery Delhi"
"15521","_yoast_wpseo_focuskw","Breast reduction surgery Delhi"
"3200","_yoast_wpseo_metadesc","Best Liposuction Surgeon in Dheli. Liposuction Treatment At Bliniq clinic Liposuction Surgery Cost in South ...Liposuction treatment in Delhi at Aestiva Clinic removes fat from the body in an attempt to change its shape. Get in shape by Dr. Aswin"
"14167","_yoast_wpseo_metadesc","Dr Ashwini at Bliniq offers the best gynecomastia treatment in Delhi. Get expert care and effective solutions for your gynecomastia concerns."
"12292","_yoast_wpseo_metadesc","Looking for gynecomastia surgery in Delhi? Look no further! Dr. Ashwini at Bliniq offers top-quality gynecomastia surgery at an affordable cost."
"14825","_yoast_wpseo_metadesc","Looking for liposuction surgery in Delhi? Look no further than Dr. Ashwini. Get the perfect body you've always desired with expert surgeon."
"15279","_yoast_wpseo_metadesc","Discover the cost of full body laser hair removal, including treatment sessions, pricing factors and expected results."
"15278","_yoast_wpseo_metadesc","Learn possible ways to remove skin tags quickly, including home remedies and professional treatment options."
"15277","_yoast_wpseo_metadesc","Understand what a hair transplant is, how the procedure works and how it helps restore natural hair growth."
"15295","_yoast_wpseo_metadesc","Discover effective ways to remove eye bags permanently, including treatments, skincare tips and lifestyle changes."
"15308","_yoast_wpseo_metadesc","Learn about PRP therapy for hair, how it stimulates hair growth, its benefits, procedure, and expected results."
"15309","_yoast_wpseo_metadesc","Discover mesotherapy for face, how it works, its benefits, cost, and why it’s popular for skin rejuvenation."
"15310","_yoast_wpseo_metadesc","Explore effective ways to remove white hair permanently with natural remedies, treatments, and preventive care tips."
"15311","_yoast_wpseo_metadesc","Find out if chemical peel is good for your skin, its benefits, risks, and how it helps improve texture, tone, and glow."
"15312","_yoast_wpseo_metadesc","Discover safe ways to remove moles from the face, including laser, surgical, and home remedies for clear and smooth skin."
"15313","_yoast_wpseo_metadesc","Understand how sex change surgery is performed, including procedures, preparation, risks, and recovery for gender affirmation."
"15314","_yoast_wpseo_metadesc","Learn what tummy tuck surgery is, how it works, its benefits, risks, and recovery process for achieving a flatter and toned abdomen."
"15359","_yoast_wpseo_metadesc","Find out how much laser hair removal costs, factors affecting pricing, and what to expect during the treatment process."
"15371","_yoast_wpseo_metadesc","Learn about skin tag removal cost, treatment options, and factors affecting pricing for safe and effective removal."
"15376","_yoast_wpseo_metadesc","Learn about lipoma removal cost, treatment methods, and recovery details for safe and effective removal."
"15384","_yoast_wpseo_metadesc","Explore FFS surgery in India with cost, procedures, recovery, and best surgeons for facial feminization transformation."
"15385","_yoast_wpseo_metadesc","Improve leg contour with thigh lift surgery in Delhi. Check cost, procedure details, recovery, and top surgeons."
"15386","_yoast_wpseo_metadesc","Correct ear shape with otoplasty surgery in Delhi. Learn about cost, procedure, recovery, and best cosmetic clinics."
"15387","_yoast_wpseo_metadesc","Tighten sagging arms with arm lift surgery in India. Explore brachioplasty cost, procedure, recovery time, and expert surgeons."
"15388","_yoast_wpseo_metadesc","Enhance your smile with dimple creation surgery in Delhi. Find cost, procedure details, recovery, and top cosmetic surgeons."
"15389","_yoast_wpseo_metadesc","Achieve precise body contouring with VASER liposuction in Delhi. Check cost, benefits, procedure steps, and expert clinics."
"15390","_yoast_wpseo_metadesc","Discover mommy makeover surgery in Delhi with detailed cost, procedures, benefits, and recovery tips for post-pregnancy body transformation."
"15391","_yoast_wpseo_metadesc","Get a slimmer face with buccal fat removal in Delhi. Learn about cost, procedure, recovery time, and top cosmetic surgeons near you."
"15392","_yoast_wpseo_metadesc","Explore BBL surgery cost in India, including Brazilian Butt Lift pricing, procedure details, recovery, and top clinics for safe results."
"15445","_yoast_wpseo_metadesc","Learn about lipoma removal cost, treatment methods, and recovery details for safe and effective removal."
"15446","_yoast_wpseo_metadesc","Consult experienced rhinoplasty surgeons in Delhi for nose reshaping surgery, improved facial balance, and natural-looking results."
"15447","_yoast_wpseo_metadesc","Transform your appearance after weight loss with post bariatric surgery in Delhi. Expert body contouring and skin tightening solutions."
"15448","_yoast_wpseo_metadesc","Get discreet hymenoplasty surgery in Delhi with experienced surgeons. Learn about procedure, recovery, safety, and treatment cost."
"15449","_yoast_wpseo_metadesc","Correct inverted nipples with advanced surgery in Delhi. Get expert consultation, natural-looking results, and quick recovery options."
"15450","_yoast_wpseo_metadesc","Achieve a sharper jawline with neck liposuction in Delhi. Learn about cost, procedure, recovery, and expert cosmetic surgeons."
"15451","_yoast_wpseo_metadesc","Looking for mole removal in Delhi? Get safe and effective treatment with advanced cosmetic procedures and expert skin specialists."
"15452","_yoast_wpseo_metadesc","Get effective scar removal surgery in Delhi for acne scars, injury marks, and surgical scars. Consult experienced cosmetic surgeons today."
"15473","_yoast_wpseo_metadesc","Remove excess fat from the upper back with buffalo hump removal surgery. Explore treatment options, recovery, and expert care."
"15490","_yoast_wpseo_metadesc","Visit a leading cosmetic surgery clinic in Delhi for facial, body, and skin enhancement procedures performed by expert surgeons."
"15491","_yoast_wpseo_metadesc","Find the best plastic surgeon in Delhi for advanced cosmetic and reconstructive procedures with safe treatment and natural results."
"15492","_yoast_wpseo_metadesc","Know the back liposuction cost in India, including procedure details, benefits, recovery time, and top cosmetic surgery clinics."
"15493","_yoast_wpseo_metadesc","Enhance comfort and confidence with labiaplasty surgery in Delhi. Discover procedure details, benefits, recovery, and expert surgeons."
"15521","_yoast_wpseo_metadesc","Reduce discomfort and enhance confidence with breast reduction surgery in Delhi. Learn about cost, recovery, and expert care."
"14167","_yoast_wpseo_title","Best Gynecomastia Treatment in Delhi: Dr Ashwini"
"12292","_yoast_wpseo_title","Gynecomastia Surgery in Delhi: Gynecomastia Cost"
"14825","_yoast_wpseo_title","Liposuction Surgery in Delhi | Liposuction Surgeon"
"15279","_yoast_wpseo_title","Full Body Laser Hair Removal Cost Guide"
"15278","_yoast_wpseo_title","How to Remove Skin Tags in One Night"
"15277","_yoast_wpseo_title","What Is Hair Transplant? Procedure Explained"
"15295","_yoast_wpseo_title","How to Remove Eye Bags Permanently"
"15308","_yoast_wpseo_title","What is PRP Therapy for Hair? | Benefits, Cost & Results"
"15309","_yoast_wpseo_title","What is Mesotherapy for Face? | Benefits, Cost & Procedure"
"15310","_yoast_wpseo_title","How to Remove White Hair Permanently | Causes & Solutions"
"15311","_yoast_wpseo_title","Is Chemical Peel Good for Skin? | Benefits & Side Effects"
"15312","_yoast_wpseo_title","How to Remove Moles from Face | Safe & Effective Treatments"
"15313","_yoast_wpseo_title","How is Sex Change Surgery Done? | Process, Steps & Recovery"
"15314","_yoast_wpseo_title","What is Tummy Tuck Surgery? | Procedure, Benefits & Recovery"
"15359","_yoast_wpseo_title","Laser Hair Removal Cost | Price Guide & Treatment Details"
"15371","_yoast_wpseo_title","Skin Tag Removal Cost | Price, Methods & Factors Explained"
"15376","_yoast_wpseo_title","Lipoma Removal Cost | Surgery Price, Procedure & Recovery"
"15384","_yoast_wpseo_title","FFS Surgery in India – Facial Feminization Cost & Procedure Guide"
"15385","_yoast_wpseo_title","Thigh Lift Surgery in Delhi – Cost, Procedure & Results"
"15386","_yoast_wpseo_title","Otoplasty Surgery in Delhi – Ear Reshaping Cost & Procedure"
"15387","_yoast_wpseo_title","Arm Lift Surgery in India – Brachioplasty Cost, Benefits & Recovery"
"15388","_yoast_wpseo_title","Dimple Creation Surgery in Delhi – Cost, Procedure & Results"
"15389","_yoast_wpseo_title","VASER Liposuction in Delhi – Cost, Procedure & Results"
"15390","_yoast_wpseo_title","Mommy Makeover Surgery in Delhi – Cost, Benefits & Recovery"
"15391","_yoast_wpseo_title","Buccal Fat Removal in Delhi – Cost, Procedure & Best Surgeons"
"15392","_yoast_wpseo_title","BBL Surgery Cost in India – Brazilian Butt Lift Price & Guide"
"15445","_yoast_wpseo_title","Lipoma Removal Cost | Surgery Price, Procedure & Recovery"
"15446","_yoast_wpseo_title","Rhinoplasty Surgeon in Delhi – Nose Reshaping Experts"
"15447","_yoast_wpseo_title","Post Bariatric Surgery in Delhi – Body Contouring & Skin Tightening"
"15448","_yoast_wpseo_title","Hymenoplasty in Delhi – Confidential & Safe Restoration Surgery"
"15449","_yoast_wpseo_title","Inverted Nipple Surgery in Delhi – Safe Correction Procedure"
"15450","_yoast_wpseo_title","Neck Liposuction in Delhi – Double Chin Removal & Contouring"
"15451","_yoast_wpseo_title","Mole Removal in Delhi – Safe & Advanced Skin Treatment"
"15452","_yoast_wpseo_title","Scar Removal Surgery in Delhi – Advanced Treatment & Expert Care"
"15473","_yoast_wpseo_title","Buffalo Hump Removal Surgery – Cost, Procedure & Recovery"
"15490","_yoast_wpseo_title","Cosmetic Surgery Clinic in Delhi – Advanced Aesthetic Treatments"
"15491","_yoast_wpseo_title","Best Plastic Surgeon in Delhi – Trusted Cosmetic Surgery Experts"
"15492","_yoast_wpseo_title","Back Liposuction Cost in India – Fat Removal Surgery Guide"
"15493","_yoast_wpseo_title","Labiaplasty Surgery in Delhi – Expert Cosmetic Gynecology Care"
"15521","_yoast_wpseo_title","Breast Reduction Surgery in Delhi – Safe & Effective Procedure"
